0.0;1001;0.00;0.00
1.00195;2007;0.00;0.00
2.00667;2012;0.00;0.00
2.01167;2017;0.00;0.00
2.01667;2022;0.00;0.00
2.02267;2027;0.00;0.00
2.02667;2032;0.00;0.00
2.03167;2037;0.00;0.00
2.03667;2043;0.00;0.00
2.04367;2049;0.00;0.00
2.04867;2054;0.00;0.00
2.05467;2060;0.00;0.00
2.05967;2065;0.00;0.00
2.06567;2071;0.00;0.00
2.07167;2077;0.00;0.00
2.07768;2083;0.00;0.00
2.08468;2089;0.00;0.00
2.08967;2095;0.00;0.00
2.09467;2100;0.00;0.00
2.10067;2106;0.00;0.00
2.10667;2112;0.00;0.00
2.11267;2117;0.00;0.00
2.11767;2123;0.00;0.00
2.12267;2128;0.00;0.00
2.12867;2133;0.00;0.00
2.13467;2139;0.00;0.00
2.13967;2144;0.00;0.00
2.14367;2149;0.00;0.00
2.14967;2154;0.00;0.00
2.15467;2160;0.00;0.00
2.16067;2165;0.00;0.00
2.16467;2170;0.00;0.00
2.17067;2175;0.00;0.00
2.17567;2181;0.00;0.00
2.18167;2186;0.00;0.00
2.18568;2191;0.00;0.00
2.19167;2196;0.00;0.00
2.19667;2202;0.00;0.00
2.20267;2207;0.00;0.00
2.20667;2212;0.00;0.00
2.21268;2217;0.00;0.00
2.21767;2223;0.00;0.00
2.22367;2229;0.00;0.00
2.22967;2234;0.00;0.00
2.23367;2239;0.00;0.00
2.23967;2244;0.00;0.00
2.24467;2250;0.00;0.00
2.25067;2255;0.00;0.00
2.25467;2260;0.00;0.00
2.26067;2265;0.00;0.00
2.26467;2271;0.00;0.00
2.27167;2276;0.00;0.00
2.27567;2281;0.00;0.00
2.28167;2286;0.00;0.00
2.28667;2292;0.00;0.00
2.29267;2297;0.00;0.00
2.29667;2302;0.00;0.00
2.30367;2308;0.00;0.00
2.30867;2314;0.00;0.00
2.31467;2320;0.00;0.00
2.31935;2325;0.00;0.00
2.32515;2330;0.00;0.00
2.33065;2335;0.00;0.00
2.33565;2340;0.00;0.00
2.33965;2345;0.00;0.00
2.34465;2350;0.00;0.00
2.35065;2356;0.00;0.00
2.35665;2362;0.00;0.00
2.36265;2368;0.00;0.00
2.36865;2373;0.00;0.00
2.37265;2378;0.00;0.00
2.37866;2383;0.00;0.00
2.38365;2389;0.00;0.00
2.38965;2394;0.00;0.00
2.39365;2399;0.00;0.00
2.39965;2404;0.00;0.00
2.40465;2410;0.00;0.00
2.41065;2415;0.00;0.00
2.41465;2420;0.00;0.00
2.41965;2426;0.00;0.00
2.42665;2431;0.00;0.00
2.43165;2436;0.00;0.00
2.43565;2441;0.00;0.00
2.44066;2447;0.00;0.00
2.44765;2452;0.00;0.00
2.45265;2457;0.00;0.00
2.45665;2462;0.00;0.00
2.46165;2467;0.00;0.00
2.46765;2473;0.00;0.00
2.47365;2479;0.00;0.00
2.47965;2484;0.00;0.00
2.48365;2489;0.00;0.00
2.48965;2494;0.00;0.00
2.49465;2500;0.00;0.00
2.50065;2505;0.00;0.00
2.50465;2510;0.00;0.00
2.51087;2515;0.00;0.00
2.51587;2521;0.00;0.00
2.52187;2526;0.00;0.00
2.52587;2531;0.00;0.00
2.53087;2537;0.00;0.00
2.53687;2542;0.00;0.00
2.54287;2547;0.00;0.00
2.54687;2552;0.00;0.00
2.55287;2557;0.00;0.00
2.55787;2563;0.00;0.00
2.56387;2568;0.00;0.00
2.56787;2573;0.00;0.00
2.57387;2578;0.00;0.00
2.57787;2584;0.00;0.00
2.58487;2590;0.00;0.00
2.59087;2595;0.00;0.00
2.59487;2600;0.00;0.00
2.59987;2605;0.00;0.00
2.60589;2611;0.00;0.00
2.61187;2616;0.00;0.00
2.61587;2621;0.00;0.00
2.62187;2626;0.00;0.00
2.62687;2632;0.00;0.00
2.63287;2637;0.00;0.00
2.63687;2642;0.00;0.00
2.64287;2647;0.00;0.00
2.64788;2653;0.00;0.00
2.65487;2658;0.00;0.00
2.65787;2663;0.00;0.00
2.66288;2669;0.00;0.00
2.66888;2674;0.00;0.00
2.67487;2680;0.00;0.00
2.67987;2685;0.00;0.00
2.68487;2690;0.00;0.00
2.69088;2695;0.00;0.00
2.69587;2700;0.00;0.00
2.69987;2705;0.00;0.00
2.70587;2710;0.00;0.00
2.71087;2716;0.00;0.00
2.71687;2721;0.00;0.00
2.72087;2726;0.00;0.00
2.72687;2731;0.00;0.00
2.73087;2736;0.00;0.00
2.73687;2741;0.00;0.00
2.74087;2746;0.00;0.00
2.74687;2751;0.00;0.00
2.75187;2757;0.00;0.00
2.75787;2762;0.00;0.00
2.76187;2767;0.00;0.00
2.76787;2772;0.00;0.00
2.77287;2778;0.00;0.00
2.77887;2783;0.00;0.00
2.78287;2788;0.00;0.00
2.78887;2793;0.00;0.00
2.79287;2799;0.00;0.00
2.79987;2804;0.00;0.00
2.80387;2810;0.00;0.00
2.80987;2815;0.00;0.00
2.81488;2820;0.00;0.00
2.82087;2825;0.00;0.00
2.82487;2830;0.00;0.00
2.83104;2835;0.00;0.00
2.83616;2841;0.00;0.00
2.84216;2847;0.00;0.00
2.84816;2852;0.00;0.00
2.85216;2857;0.00;0.00
2.85817;2862;0.00;0.00
2.86216;2867;0.00;0.00
2.86716;2872;0.00;0.00
2.87217;2878;0.00;0.00
2.87917;2883;0.00;0.00
2.88316;2889;0.00;0.00
2.89016;2894;0.00;0.00
2.89416;2899;0.00;0.00
2.89916;2905;0.00;0.00
2.90516;2910;0.00;0.00
2.91117;2915;0.00;0.00
2.91516;2920;0.00;0.00
2.92117;2925;0.00;0.00
2.92516;2931;0.00;0.00
2.93116;2936;0.00;0.00
2.93616;2941;0.00;0.00
2.94116;2947;0.00;0.00
2.94716;2952;0.00;0.00
2.95216;2957;0.00;0.00
2.95716;2962;0.00;0.00
2.96217;2968;0.00;0.00
2.96816;2973;0.00;0.00
2.97316;2979;0.00;0.00
2.98016;2984;0.00;0.00
2.98416;2989;0.00;0.00
2.99016;2994;0.00;0.00
2.99416;3000;0.00;0.00
3.00116;3005;0.00;0.00
3.00516;3010;0.00;0.00
3.01016;3015;0.00;0.00
3.01616;3021;0.00;0.00
3.02216;3026;0.00;0.00
3.02616;3031;0.00;0.00
3.03116;3036;0.00;0.00
3.03616;3041;0.00;0.00
3.04116;3046;0.00;0.00
3.04616;3052;0.00;0.00
3.05316;3057;0.00;0.00
3.05716;3063;0.00;0.00
3.06316;3068;0.00;0.00
3.06801;3073;0.00;0.00
3.07302;3078;0.00;0.00
3.07902;3084;0.00;0.00
3.08502;3090;0.00;0.00
3.09102;3095;0.00;0.00
3.09502;3100;0.00;0.00
3.10102;3105;0.00;0.00
3.10502;3111;0.00;0.00
3.11154;3116;0.00;0.00
3.11554;3121;0.00;0.00
3.12154;3126;0.00;0.00
3.12654;3132;0.00;0.00
3.13254;3137;0.00;0.00
3.13654;3142;0.00;0.00
3.14254;3147;0.00;0.00
3.14754;3153;0.00;0.00
3.15454;3158;0.00;0.00
3.15754;3163;0.00;0.00
3.16354;3169;0.00;0.00
3.16854;3174;0.00;0.00
3.17454;3179;0.00;0.00
3.17854;3184;0.00;0.00
3.18454;3189;0.00;0.00
3.18954;3195;0.00;0.00
3.19554;3201;0.00;0.00
3.20154;3206;0.00;0.00
3.20554;3211;0.00;0.00
3.21154;3216;0.00;0.00
3.21654;3221;0.00;0.00
3.22054;3226;0.00;0.00
3.22654;3232;0.00;0.00
3.23254;3237;0.00;0.00
3.23754;3243;0.00;0.00
3.24354;3248;0.00;0.00
3.24754;3253;0.00;0.00
3.25354;3258;0.00;0.00
3.25854;3263;0.00;0.00
3.26254;3268;0.00;0.00
3.26854;3274;0.00;0.00
3.27454;3279;0.00;0.00
3.27954;3285;0.00;0.00
3.28554;3290;0.00;0.00
3.28954;3295;0.00;0.00
3.29554;3301;0.00;0.00
3.30054;3306;0.00;0.00
3.30754;3311;0.00;0.00
3.31054;3316;0.00;0.00
3.31654;3322;0.00;0.00
3.32254;3327;0.00;0.00
3.32754;3332;0.00;0.00
3.33154;3337;0.00;0.00
3.33754;3343;0.00;0.00
3.3436;3348;0.00;0.00
3.3486;3354;0.00;0.00
3.3546;3359;0.00;0.00
3.35859;3364;0.00;0.00
3.3656;3369;0.00;0.00
3.3696;3375;0.00;0.00
3.3766;3380;0.00;0.00
3.37959;3386;0.00;0.00
3.3866;3392;0.00;0.00
3.39259;3398;0.00;0.00
3.3976;3403;0.00;0.00
3.4036;3408;0.00;0.00
3.4076;3413;0.00;0.00
3.4136;3419;0.00;0.00
3.4196;3424;0.00;0.00
3.4246;3429;0.00;0.00
3.4286;3434;0.00;0.00
3.4346;3440;0.00;0.00
3.4406;3445;0.00;0.00
3.4456;3450;0.00;0.00
3.44959;3455;0.00;0.00
3.4556;3461;0.00;0.00
3.4626;3467;0.00;0.00
3.46659;3472;0.00;0.00
3.4716;3477;0.00;0.00
3.47659;3482;0.00;0.00
3.48159;3487;0.00;0.00
3.4886;3492;0.00;0.00
3.4916;3497;0.00;0.00
3.4966;3503;0.00;0.00
3.50259;3508;0.00;0.00
3.5076;3513;0.00;0.00
3.5126;3518;0.00;0.00
3.5176;3523;0.00;0.00
3.5236;3528;0.00;0.00
3.52859;3533;0.00;0.00
3.53359;3539;0.00;0.00
3.53859;3544;0.00;0.00
3.54359;3549;0.00;0.00
3.5496;3554;0.00;0.00
3.5536;3559;0.00;0.00
3.55859;3564;0.00;0.00
3.5646;3570;0.00;0.00
3.5706;3575;0.00;0.00
3.5746;3580;0.00;0.00
3.57959;3585;0.00;0.00
3.5856;3591;0.00;0.00
3.5926;3597;0.00;0.00
3.59659;3602;0.00;0.00
3.60159;3607;0.00;0.00
3.60659;3612;0.00;0.00
3.6126;3618;0.00;0.00
3.6186;3623;0.00;0.00
3.62259;3628;0.00;0.00
3.6286;3634;0.00;0.00
3.63359;3640;0.00;0.00
3.6416;3645;0.00;0.00
3.6446;3650;0.00;0.00
3.6506;3655;0.00;0.00
3.65559;3661;0.00;0.00
3.6616;3666;0.00;0.00
3.6656;3671;0.00;0.00
3.6716;3677;0.00;0.00
3.67759;3683;0.00;0.00
3.68359;3689;0.00;0.00
3.6906;3694;0.00;0.00
3.6936;3699;0.00;0.00
3.6986;3704;0.00;0.00
3.7046;3710;0.00;0.00
3.71059;3715;0.00;0.00
3.7146;3720;0.00;0.00
3.71959;3725;0.00;0.00
3.7256;3731;0.00;0.00
3.73161;3737;0.00;0.00
3.7376;3742;0.00;0.00
3.7416;3747;0.00;0.00
3.74759;3752;0.00;0.00
3.7526;3757;0.00;0.00
3.75659;3762;0.00;0.00
3.76159;3767;0.00;0.00
3.7686;3773;0.00;0.00
3.77359;3778;0.00;0.00
3.7786;3783;0.00;0.00
3.78359;3789;0.00;0.00
3.7896;3795;0.00;0.00
3.7946;3800;0.00;0.00
3.80059;3806;0.00;0.00
3.8066;3811;0.00;0.00
3.8106;3816;0.00;0.00
3.81659;3822;0.00;0.00
3.8226;3827;0.00;0.00
3.82759;3832;0.00;0.00
3.83159;3837;0.00;0.00
3.8376;3843;0.00;0.00
3.8436;3848;0.00;0.00
3.8486;3854;0.00;0.00
3.8542;3859;0.00;0.00
3.85919;3864;0.00;0.00
3.8642;3869;0.00;0.00
3.8692;3874;0.00;0.00
3.8742;3879;0.00;0.00
3.8792;3885;0.00;0.00
3.8852;3890;0.00;0.00
3.8902;3896;0.00;0.00
3.8972;3901;0.00;0.00
3.90119;3906;0.00;0.00
3.9062;3912;0.00;0.00
3.9122;3917;0.00;0.00
3.91819;3922;0.00;0.00
3.9222;3927;0.00;0.00
3.92721;3932;0.00;0.00
3.93219;3937;0.00;0.00
3.9372;3942;0.00;0.00
3.94219;3947;0.00;0.00
3.94719;3952;0.00;0.00
3.9522;3957;0.00;0.00
3.9572;3962;0.00;0.00
3.9622;3968;0.00;0.00
3.96819;3973;0.00;0.00
3.97319;3979;0.00;0.00
3.9792;3984;0.00;0.00
3.9842;3989;0.00;0.00
3.9902;3994;0.00;0.00
3.9942;4000;0.00;0.00
4.0012;4005;0.00;0.00
4.0042;4010;0.00;0.00
4.0112;4015;0.00;0.00
4.0152;4021;0.00;0.00
4.0222;4026;0.00;0.00
4.02519;4031;0.00;0.00
4.0312;4036;0.00;0.00
4.03619;4042;0.00;0.00
4.04319;4047;0.00;0.00
4.0462;4052;0.00;0.00
4.0522;4058;0.00;0.00
4.0582;4063;0.00;0.00
4.06319;4068;0.00;0.00
4.06819;4073;0.00;0.00
4.0742;4079;0.00;0.00
4.0792;4084;0.00;0.00
4.0862;4089;0.00;0.00
4.08919;4094;0.00;0.00
4.09419;4099;0.00;0.00
4.09919;4105;0.00;0.00
4.1052;4111;0.00;0.00
4.1112;4116;0.00;0.00
4.1152;4121;0.00;0.00
4.12219;4126;0.00;0.00
4.12619;4132;0.00;0.00
4.13319;4137;0.00;0.00
4.1372;4142;0.00;0.00
4.14219;4148;0.00;0.00
4.1482;4153;0.00;0.00
4.15419;4158;0.00;0.00
4.15819;4163;0.00;0.00
4.1632;4168;0.00;0.00
4.16819;4174;0.00;0.00
4.17519;4179;0.00;0.00
4.17919;4184;0.00;0.00
4.1842;4190;0.00;0.00
4.1902;4195;0.00;0.00
4.1952;4200;0.00;0.00
4.20019;4205;0.00;0.00
4.20519;4211;0.00;0.00
4.21219;4216;0.00;0.00
4.2162;4221;0.00;0.00
4.22119;4226;0.00;0.00
4.22628;4231;0.00;0.00
4.2312;4236;0.00;0.00
4.23719;4241;0.00;0.00
4.24119;4246;0.00;0.00
4.2462;4251;0.00;0.00
4.2512;4257;0.00;0.00
4.2582;4262;0.00;0.00
4.26219;4267;0.00;0.00
4.2672;4273;0.00;0.00
4.2732;4278;0.00;0.00
4.2792;4283;0.00;0.00
4.2822;4288;0.00;0.00
4.2882;4294;0.00;0.00
4.29419;4299;0.00;0.00
4.30019;4304;0.00;0.00
4.30419;4309;0.00;0.00
4.3092;4314;0.00;0.00
4.3142;4320;0.00;0.00
4.32021;4325;0.00;0.00
4.32419;4330;0.00;0.00
4.33119;4335;0.00;0.00
4.33519;4341;0.00;0.00
4.34119;4347;0.00;0.00
4.34819;4352;0.00;0.00
4.35219;4357;0.00;0.00
4.3582;4362;0.00;0.00
4.36219;4368;0.00;0.00
4.3682;4373;0.00;0.00
4.37305;4378;0.00;0.00
4.37858;4383;0.00;0.00
4.38358;4389;0.00;0.00
4.38958;4394;0.00;0.00
4.39358;4399;0.00;0.00
4.39958;4404;0.00;0.00
4.40458;4410;0.00;0.00
4.41058;4415;0.00;0.00
4.41458;4420;0.00;0.00
4.42058;4425;0.00;0.00
4.42558;4431;0.00;0.00
4.43258;4436;0.00;0.00
4.43558;4441;0.00;0.00
4.44158;4447;0.00;0.00
4.44758;4452;0.00;0.00
4.45258;4458;0.00;0.00
4.45858;4463;0.00;0.00
4.46258;4468;0.00;0.00
4.46858;4473;0.00;0.00
4.47358;4478;0.00;0.00
4.47758;4483;0.00;0.00
4.48358;4489;0.00;0.00
4.48958;4494;0.00;0.00
4.49458;4500;0.00;0.00
4.50058;4505;0.00;0.00
4.50458;4510;0.00;0.00
4.51058;4515;0.00;0.00
4.51558;4521;0.00;0.00
4.52358;4526;0.00;0.00
4.52558;4531;0.00;0.00
4.53158;4536;0.00;0.00
4.53658;4542;0.00;0.00
4.54258;4547;0.00;0.00
4.54658;4552;0.00;0.00
4.55258;4558;0.00;0.00
4.55758;4563;0.00;0.00
4.56358;4569;0.00;0.00
4.56858;4574;0.00;0.00
4.57358;4579;0.00;0.00
4.57958;4584;0.00;0.00
4.58458;4589;0.00;0.00
4.58858;4594;0.00;0.00
4.59358;4600;0.00;0.00
4.59958;4605;0.00;0.00
4.60558;4611;0.00;0.00
4.61158;4616;0.00;0.00
4.61558;4621;0.00;0.00
4.62158;4626;0.00;0.00
4.62658;4632;0.00;0.00
4.63258;4637;0.00;0.00
4.63658;4642;0.00;0.00
4.64258;4648;0.00;0.00
4.64758;4653;0.00;0.00
4.65358;4658;0.00;0.00
4.65758;4663;0.00;0.00
4.66358;4668;0.00;0.00
4.66858;4674;0.00;0.00
4.67458;4679;0.00;0.00
4.67858;4684;0.00;0.00
4.68458;4690;0.00;0.00
4.69058;4695;0.00;0.00
4.69558;4700;0.00;0.00
4.69958;4705;0.00;0.00
4.70558;4711;0.00;0.00
4.71158;4716;0.00;0.00
4.71658;4721;0.00;0.00
4.72058;4726;0.00;0.00
4.72658;4731;0.00;0.00
4.73058;4736;0.00;0.00
4.73658;4741;0.00;0.00
4.74058;4746;0.00;0.00
4.74658;4751;0.00;0.00
4.75158;4757;0.00;0.00
4.75758;4762;0.00;0.00
4.76158;4767;0.00;0.00
4.76758;4772;0.00;0.00
4.77258;4778;0.00;0.00
4.77858;4784;0.00;0.00
4.78358;4789;0.00;0.00
4.78858;4794;0.00;0.00
4.79358;4799;0.00;0.00
4.80058;4804;0.00;0.00
4.80458;4810;0.00;0.00
4.80959;4816;0.00;0.00
4.81658;4822;0.00;0.00
4.82158;4827;0.00;0.00
4.82758;4832;0.00;0.00
4.83158;4837;0.00;0.00
4.83658;4842;0.00;0.00
4.84258;4848;0.00;0.00
4.84958;4853;0.00;0.00
4.85258;4858;0.00;0.00
4.85858;4864;0.00;0.00
4.86458;4869;0.00;0.00
4.86858;4874;0.00;0.00
4.87358;4879;0.00;0.00
4.87939;4884;0.00;0.00
4.88442;4889;0.00;0.00
4.88943;4894;0.00;0.00
4.89343;4899;0.00;0.00
4.90043;4905;0.00;0.00
4.90543;4911;0.00;0.00
4.91144;4916;0.00;0.00
4.91543;4921;0.00;0.00
4.92143;4927;0.00;0.00
4.92743;4932;0.00;0.00
4.93343;4937;0.00;0.00
4.93643;4942;0.00;0.00
4.94243;4948;0.00;0.00
4.94844;4953;0.00;0.00
4.95343;4959;0.00;0.00
4.95843;4964;0.00;0.00
4.96343;4969;0.00;0.00
4.96943;4975;0.00;0.00
4.97643;4981;0.00;0.00
4.98143;4986;0.00;0.00
4.98543;4991;0.00;0.00
4.99143;4997;0.00;0.00
4.99743;5003;0.00;0.00
5.00443;6009;786.00;0.00
6.00911;6015;0.00;0.00
6.01611;6020;0.00;26.73
6.02011;6026;188.00;20.05
6.02711;6031;0.00;20.05
6.03111;6037;0.00;26.73
6.03812;6043;55.00;26.73
6.04411;6048;125.00;13.37
6.04811;6053;0.00;20.05
6.05311;6059;7.00;20.05
6.06011;6065;102.00;20.05
6.06611;6071;0.00;20.05
6.07111;6076;31.00;20.05
6.07711;6081;23.00;20.05
6.08111;6087;23.00;20.05
6.08711;6093;78.00;13.37
6.09411;6099;0.00;13.37
6.09911;6104;31.00;13.37
6.10411;6110;31.00;13.37
6.11011;6115;31.00;13.37
6.11611;6120;0.00;20.05
6.12117;6126;165.00;6.68
6.12711;6131;0.00;13.37
6.13111;6136;0.00;26.73
6.13711;6141;133.00;20.05
6.14211;6147;0.00;20.05
6.14711;6152;31.00;20.05
6.15211;6157;0.00;26.73
6.15711;6163;157.00;13.37
6.16311;6168;0.00;13.37
6.16911;6173;0.00;20.05
6.17311;6178;55.00;20.05
6.17811;6184;78.00;13.37
6.18411;6189;0.00;20.05
6.19011;6194;55.00;20.05
6.19411;6199;23.00;20.05
6.19911;6205;31.00;20.05
6.20511;6211;39.00;18.56
6.21111;6217;23.00;18.56
6.21811;6222;31.00;18.56
6.22211;6227;31.00;18.56
6.22711;6233;55.00;14.85
6.23311;6239;15.00;18.56
6.24011;6245;0.00;18.56
6.24611;6250;86.00;13.37
6.25011;6255;7.00;13.37
6.25511;6260;0.00;20.05
6.26111;6266;165.00;6.68
6.26711;6272;0.00;20.05
6.27211;6277;86.00;20.05
6.27711;6282;23.00;20.05
6.28211;6288;0.00;26.73
6.28911;6294;110.00;20.05
6.29511;6299;47.00;13.37
6.30011;6304;0.00;20.05
6.30411;6309;55.00;20.05
6.30911;6314;23.00;20.05
6.31411;6319;78.00;13.37
6.31911;6324;0.00;20.05
6.32411;6330;110.00;13.37
6.33111;6336;0.00;13.37
6.33711;6342;0.00;26.73
6.34311;6347;188.00;13.37
6.34711;6352;0.00;13.37
6.35211;6358;0.00;26.73
6.35811;6364;188.00;13.37
6.36511;6370;0.00;26.73
6.37111;6375;0.00;26.73
6.37511;6380;86.00;20.05
6.38011;6385;78.00;20.05
6.38611;6391;0.00;26.73
6.39211;6397;110.00;20.05
6.39711;6402;0.00;20.05
6.40211;6407;0.00;26.73
6.40711;6413;110.00;20.05
6.41332;6418;47.00;13.37
6.41932;6424;0.00;13.37
6.42432;6429;0.00;20.05
6.42832;6434;55.00;20.05
6.43432;6440;78.00;13.37
6.44032;6446;0.00;20.05
6.44732;6451;110.00;13.37
6.45132;6456;0.00;20.05
6.45532;6461;62.00;20.05
6.46132;6467;78.00;13.37
6.46732;6473;0.00;13.37
6.47332;6478;0.00;26.73
6.47732;6483;133.00;20.05
6.48332;6489;102.00;6.68
6.48933;6494;0.00;20.05
6.49432;6499;39.00;26.73
6.49833;6504;55.00;26.73
6.50432;6510;78.00;20.05
6.51132;6516;0.00;20.05
6.51732;6521;0.00;26.73
6.52133;6526;110.00;20.05
6.52532;6531;47.00;13.37
6.53132;6536;0.00;26.73
6.53632;6541;133.00;20.05
6.54132;6546;0.00;20.05
6.54632;6551;31.00;20.05
6.55132;6557;23.00;20.05
6.55732;6562;78.00;13.37
6.56132;6567;0.00;20.05
6.56632;6572;55.00;20.05
6.57232;6578;78.00;13.37
6.57932;6583;0.00;20.05
6.58233;6588;55.00;20.05
6.58732;6593;23.00;20.05
6.59432;6599;31.00;20.05
6.59933;6604;78.00;13.37
6.60432;6609;0.00;20.05
6.60832;6614;55.00;20.05
6.61532;6620;78.00;20.05
6.62032;6626;0.00;20.05
6.62632;6631;55.00;20.05
6.63032;6636;23.00;20.05
6.63632;6642;78.00;13.37
6.64232;6647;0.00;20.05
6.64732;6652;55.00;20.05
6.65232;6657;78.00;13.37
6.65732;6663;0.00;20.05
6.66332;6669;55.00;20.05
6.67032;6675;23.00;20.05
6.67532;6681;31.00;20.05
6.68132;6686;78.00;13.37
6.68632;6691;0.00;20.05
6.69132;6696;55.00;20.05
6.69732;6701;23.00;20.05
6.70033;6706;78.00;13.37
6.70632;6711;0.00;20.05
6.71132;6717;55.00;20.05
6.71832;6723;23.00;20.05
6.72432;6729;78.00;13.37
6.73032;6734;0.00;20.05
6.73432;6740;110.00;13.37
6.74032;6746;0.00;20.05
6.74733;6751;7.00;26.73
6.75132;6757;157.00;13.37
6.75832;6762;0.00;13.37
6.76232;6768;0.00;20.05
6.76832;6774;55.00;20.05
6.77532;6780;78.00;13.37
6.78132;6786;0.00;20.05
6.78632;6792;55.00;20.05
6.79332;6797;78.00;13.37
6.79732;6802;0.00;20.05
6.80232;6807;55.00;20.05
6.80832;6813;23.00;20.05
6.81432;6818;78.00;13.37
6.81832;6823;0.00;20.05
6.82432;6828;55.00;20.05
6.82932;6833;78.00;13.37
6.83332;6838;0.00;20.05
6.83732;6843;55.00;20.05
6.84332;6848;78.00;13.37
6.84832;6854;0.00;20.05
6.85532;6859;7.00;26.73
6.85932;6865;102.00;20.05
6.86534;6871;0.00;20.05
6.87132;6877;31.00;20.05
6.87732;6882;39.00;18.56
6.88332;6887;23.00;18.56
6.88632;6892;31.00;18.56
6.89232;6897;31.00;18.56
6.89732;6903;55.00;14.85
6.90332;6908;15.00;14.85
6.90733;6913;0.00;18.56
6.91232;6918;47.00;18.56
6.91832;6923;94.00;10.03
6.92341;6928;0.00;13.37
6.92856;6933;0.00;20.05
6.93356;6938;55.00;20.05
6.93856;6943;78.00;13.37
6.94356;6948;55.00;6.68
6.94956;6954;0.00;20.05
6.95756;6959;86.00;20.05
6.95956;6965;23.00;20.05
6.96756;6970;31.00;20.05
6.97056;6976;23.00;20.05
6.97656;6982;78.00;13.37
6.98356;6987;0.00;20.05
6.98756;6993;110.00;13.37
6.99456;6998;0.00;13.37
6.99856;7004;0.00;26.73
7.00356;7010;188.00;13.37
7.01056;7016;0.00;20.05
7.01656;7021;62.00;26.73
7.02256;7027;0.00;26.73
7.02756;7032;55.00;26.73
7.03256;7038;125.00;13.37
7.03856;7044;0.00;26.73
7.04456;7049;86.00;26.73
7.04956;7054;70.00;20.05
7.05456;7060;0.00;33.42
7.06056;7066;0.00;26.73
7.06656;7072;204.00;13.37
7.07256;7077;0.00;20.05
7.07756;7082;62.00;20.05
7.08156;7087;23.00;20.05
7.08656;7092;0.00;26.73
7.09156;7097;157.00;13.37
7.09656;7102;0.00;20.05
7.10256;7107;7.00;26.73
7.10656;7112;102.00;20.05
7.11256;7118;0.00;20.05
7.11856;7123;31.00;20.05
7.12256;7128;23.00;20.05
7.12756;7133;23.00;20.05
7.13356;7139;78.00;13.37
7.14056;7144;0.00;20.05
7.14356;7149;55.00;20.05
7.14956;7155;78.00;13.37
7.15557;7160;0.00;20.05
7.16056;7165;55.00;20.05
7.16456;7170;23.00;20.05
7.17056;7176;31.00;13.37
7.17656;7181;78.00;20.05
7.18156;7186;0.00;20.05
7.18556;7191;55.00;20.05
7.19156;7197;78.00;13.37
7.19756;7202;0.00;20.05
7.20256;7208;7.00;26.73
7.20956;7213;157.00;13.37
7.21256;7218;0.00;13.37
7.21956;7224;0.00;26.73
7.22456;7230;133.00;20.05
7.23056;7235;0.00;20.05
7.23456;7240;31.00;20.05
7.24056;7246;23.00;13.37
7.24756;7252;31.00;20.05
7.25356;7258;78.00;13.37
7.25856;7263;0.00;13.37
7.26356;7269;31.00;13.37
7.26956;7274;0.00;20.05
7.27456;7280;165.00;6.68
7.28056;7285;0.00;13.37
7.28556;7290;62.00;13.37
7.29056;7295;0.00;20.05
7.29556;7301;55.00;13.37
7.30156;7307;78.00;13.37
7.30756;7313;0.00;13.37
7.31356;7319;0.00;20.05
7.32056;7324;55.00;20.05
7.32356;7329;133.00;6.68
7.32956;7334;0.00;13.37
7.33456;7339;7.00;20.05
7.33856;7344;55.00;20.05
7.34456;7349;78.00;13.37
7.34956;7355;0.00;20.05
7.35556;7360;55.00;20.05
7.35956;7365;78.00;13.37
7.36556;7370;0.00;20.05
7.37156;7376;55.00;20.05
7.37756;7381;23.00;13.37
7.38056;7386;78.00;20.05
7.38656;7392;0.00;13.37
7.39256;7397;0.00;20.05
7.39756;7402;110.00;13.37
7.40156;7407;0.00;13.37
7.40656;7413;31.00;13.37
7.41356;7419;31.00;13.37
7.41956;7425;31.00;13.37
7.42556;7431;31.00;13.37
7.43156;7436;31.00;13.37
7.43592;7441;31.00;13.37
7.44166;7447;31.00;13.37
7.44766;7452;31.00;13.37
7.45266;7457;31.00;13.37
7.45666;7463;31.00;13.37
7.46266;7468;86.00;6.68
7.46866;7474;0.00;20.05
7.47466;7480;141.00;13.37
7.48066;7486;0.00;20.05
7.48766;7492;62.00;20.05
7.49166;7497;23.00;20.05
7.49766;7502;31.00;20.05
7.50266;7507;23.00;20.05
7.50866;7512;23.00;20.05
7.51166;7517;70.00;14.85
7.51766;7523;7.00;14.85
7.52366;7528;0.00;18.56
7.52866;7533;47.00;18.56
7.53266;7538;55.00;14.85
7.53867;7544;15.00;14.85
7.54566;7550;0.00;18.56
7.55066;7556;47.00;18.56
7.55766;7561;55.00;14.85
7.56066;7566;15.00;10.03
7.56666;7572;0.00;20.05
7.57266;7578;157.00;6.68
7.57966;7584;0.00;13.37
7.58566;7590;7.00;20.05
7.59066;7595;55.00;20.05
7.59466;7600;23.00;20.05
7.60066;7606;78.00;13.37
7.60766;7612;0.00;13.37
7.61266;7618;0.00;20.05
7.61966;7623;110.00;13.37
7.62266;7628;0.00;13.37
7.62866;7633;0.00;20.05
7.63366;7639;55.00;20.05
7.63966;7644;78.00;13.37
7.64366;7649;0.00;13.37
7.64966;7655;0.00;20.05
7.65567;7660;110.00;13.37
7.66166;7665;55.00;6.68
7.66466;7670;0.00;20.05
7.66966;7676;86.00;20.05
7.67667;7681;78.00;13.37
7.68166;7687;0.00;20.05
7.68866;7692;0.00;20.05
7.69166;7698;55.00;20.05
7.69866;7704;133.00;6.68
7.70466;7709;0.00;13.37
7.70966;7715;7.00;20.05
7.71566;7720;55.00;20.05
7.71966;7725;78.00;13.37
7.72566;7731;0.00;13.37
7.73266;7736;0.00;20.05
7.73666;7741;55.00;20.05
7.74066;7746;78.00;13.37
7.74666;7752;0.00;13.37
7.75366;7757;31.00;20.05
7.75766;7762;0.00;20.05
7.76266;7767;55.00;13.37
7.76766;7772;78.00;13.37
7.77366;7777;0.00;20.05
7.77766;7782;0.00;13.37
7.78266;7787;110.00;13.37
7.78766;7793;0.00;20.05
7.79366;7799;55.00;20.05
7.79866;7804;78.00;13.37
7.80566;7809;0.00;20.05
7.80866;7814;55.00;20.05
7.81566;7820;23.00;20.05
7.82066;7826;31.00;20.05
7.82866;7831;23.00;20.05
7.83066;7836;78.00;13.37
7.83766;7842;0.00;20.05
7.84266;7848;0.00;20.05
7.84866;7854;165.00;6.68
7.85466;7859;0.00;13.37
7.85866;7864;0.00;26.73
7.86466;7869;133.00;20.05
7.86966;7875;0.00;20.05
7.87666;7880;31.00;20.05
7.87966;7885;23.00;20.05
7.88566;7891;31.00;20.05
7.89166;7896;23.00;20.05
7.89766;7901;78.00;13.37
7.90066;7906;0.00;13.37
7.90666;7912;0.00;13.37
7.91266;7917;110.00;13.37
7.91867;7923;0.00;13.37
7.92266;7928;31.00;13.37
7.92766;7933;0.00;20.05
7.93366;7938;110.00;13.37
7.93866;7943;0.00;13.37
7.94266;7948;0.00;20.05
7.94866;7954;110.00;13.37
7.95478;7959;0.00;13.37
7.95973;7965;0.00;20.05
7.96573;7970;110.00;13.37
7.96973;7975;0.00;13.37
7.97573;7980;0.00;20.05
7.98173;7986;110.00;13.37
7.98773;7991;0.00;20.05
7.99073;7996;110.00;13.37
7.99673;8002;0.00;20.05
8.00273;8007;62.00;20.05
8.00773;8012;0.00;20.05
8.01273;8018;157.00;13.37
8.01873;8024;0.00;20.05
8.02473;8029;7.00;26.73
8.02973;8035;102.00;20.05
8.03573;8040;0.00;20.05
8.03973;8045;31.00;20.05
8.04473;8050;23.00;20.05
8.05073;8055;78.00;13.37
8.05473;8060;0.00;13.37
8.06073;8066;31.00;13.37
8.06673;8072;31.00;13.37
8.07173;8078;31.00;13.37
8.07873;8084;31.00;13.37
8.08473;8090;31.00;13.37
8.09074;8095;31.00;13.37
8.09573;8100;31.00;13.37
8.10073;8105;31.00;13.37
8.10573;8111;31.00;13.37
8.11173;8116;31.00;13.37
8.11573;8121;31.00;13.37
8.12173;8126;31.00;13.37
8.12673;8131;31.00;13.37
8.13073;8136;31.00;13.37
8.13673;8142;31.00;13.37
8.14173;8147;31.00;13.37
8.14773;8153;15.00;14.85
8.15373;8158;39.00;14.85
8.15773;8163;31.00;14.85
8.16273;8168;31.00;14.85
8.16773;8173;31.00;14.85
8.17473;8178;31.00;14.85
8.17773;8184;94.00;6.68
8.18473;8189;0.00;20.05
8.18973;8195;86.00;20.05
8.19773;8200;78.00;13.37
8.19973;8205;0.00;20.05
8.20474;8211;55.00;20.05
8.21173;8216;23.00;20.05
8.21773;8221;31.00;20.05
8.22173;8226;78.00;13.37
8.22573;8231;0.00;13.37
8.23173;8236;0.00;20.05
8.23773;8241;55.00;20.05
8.24073;8246;133.00;6.68
8.24673;8252;0.00;13.37
8.25273;8258;7.00;20.05
8.25973;8263;55.00;20.05
8.26373;8268;78.00;13.37
8.26873;8274;0.00;13.37
8.27573;8280;0.00;20.05
8.28074;8286;110.00;13.37
8.28673;8292;0.00;20.05
8.29173;8297;110.00;13.37
8.29673;8302;0.00;20.05
8.30274;8307;110.00;13.37
8.30773;8313;0.00;20.05
8.31374;8318;62.00;20.05
8.31873;8323;23.00;20.05
8.32373;8329;31.00;20.05
8.32973;8335;23.00;20.05
8.33673;8340;23.00;20.05
8.33973;8345;78.00;13.37
8.34473;8350;0.00;13.37
8.35173;8356;0.00;20.05
8.35674;8362;110.00;13.37
8.36274;8368;55.00;13.37
8.36773;8373;0.00;26.73
8.37273;8378;0.00;20.05
8.37874;8384;188.00;13.37
8.38573;8390;0.00;13.37
8.39073;8395;0.00;26.73
8.39473;8400;133.00;20.05
8.39973;8406;0.00;20.05
8.40674;8411;0.00;26.73
8.41173;8416;55.00;26.73
8.41773;8421;125.00;13.37
8.42173;8427;0.00;20.05
8.42773;8432;7.00;26.73
8.43273;8438;102.00;20.05
8.43773;8443;0.00;20.05
8.44273;8448;31.00;26.73
8.44873;8454;23.00;20.05
8.45373;8459;78.00;13.37
8.45873;8464;0.00;20.05
8.46473;8470;55.00;20.05
8.46973;8476;78.00;13.37
8.47584;8481;0.00;13.37
8.48205;8487;0.00;26.73
8.48705;8493;188.00;13.37
8.49405;8498;0.00;20.05
8.49805;8503;0.00;20.05
8.50405;8508;55.00;20.05
8.50805;8514;78.00;13.37
8.51505;8519;0.00;20.05
8.51905;8524;55.00;20.05
8.52505;8529;23.00;20.05
8.52905;8535;31.00;20.05
8.53605;8541;78.00;13.37
8.54105;8546;0.00;20.05
8.54605;8552;55.00;20.05
8.55305;8558;78.00;13.37
8.55905;8563;0.00;20.05
8.56305;8569;0.00;20.05
8.56905;8574;110.00;13.37
8.57405;8579;0.00;20.05
8.57905;8584;55.00;20.05
8.58505;8590;23.00;20.05
8.59105;8595;31.00;20.05
8.59505;8600;78.00;13.37
8.60105;8605;0.00;20.05
8.60605;8611;55.00;20.05
8.61205;8616;78.00;13.37
8.61605;8621;0.00;20.05
8.62205;8626;55.00;20.05
8.62605;8632;23.00;20.05
8.63305;8637;31.00;20.05
8.63705;8642;78.00;13.37
8.64205;8648;0.00;20.05
8.64805;8654;55.00;20.05
8.65405;8660;78.00;13.37
8.66105;8666;0.00;20.05
8.66605;8671;55.00;20.05
8.67105;8676;23.00;20.05
8.67705;8681;31.00;20.05
8.68105;8686;78.00;13.37
8.68607;8691;0.00;13.37
8.69105;8697;0.00;20.05
8.69805;8702;55.00;20.05
8.70205;8708;78.00;13.37
8.71005;8713;0.00;13.37
8.71305;8719;0.00;20.05
8.72005;8725;110.00;13.37
8.72605;8731;0.00;13.37
8.73105;8737;31.00;13.37
8.73805;8743;0.00;20.05
8.74405;8748;110.00;13.37
8.74805;8754;0.00;13.37
8.75405;8760;0.00;20.05
8.76105;8765;110.00;13.37
8.76505;8771;55.00;6.68
8.77305;8776;0.00;20.05
8.77605;8781;86.00;20.05
8.78205;8786;78.00;13.37
8.78705;8792;0.00;20.05
8.79305;8798;55.00;20.05
8.79805;8803;7.00;22.28
8.80305;8809;62.00;18.56
8.80905;8815;7.00;18.56
8.81505;8820;31.00;18.56
8.82105;8826;31.00;18.56
8.82705;8831;55.00;14.85
8.83105;8836;15.00;14.85
8.83705;8841;39.00;13.37
8.84105;8847;0.00;20.05
8.84905;8852;110.00;13.37
8.85205;8857;0.00;13.37
8.85806;8862;31.00;13.37
8.86205;8868;31.00;13.37
8.86905;8873;31.00;13.37
8.87305;8878;31.00;13.37
8.87805;8884;31.00;13.37
8.88405;8889;31.00;13.37
8.89005;8895;31.00;13.37
8.89505;8900;31.00;13.37
8.90005;8906;31.00;13.37
8.90605;8912;86.00;6.68
8.91205;8917;0.00;20.05
8.91805;8922;141.00;13.37
8.92205;8927;0.00;13.37
8.92705;8932;0.00;20.05
8.93205;8938;55.00;20.05
8.93805;8944;78.00;13.37
8.94405;8949;0.00;13.37
8.94905;8954;31.00;13.37
8.95505;8959;31.00;13.37
8.96005;8965;31.00;13.37
8.96605;8970;31.00;13.37
8.97005;8975;31.00;13.37
8.97605;8980;31.00;13.37
8.98005;8986;31.00;13.37
8.98705;8991;31.00;13.37
8.99117;8996;31.00;13.37
8.99668;9002;31.00;13.37
9.00168;9007;31.00;13.37
9.00768;9012;31.00;13.37
9.01167;9017;31.00;13.37
9.01767;9023;31.00;13.37
9.02368;9028;31.00;13.37
9.02868;9033;31.00;13.37
9.03267;9038;31.00;13.37
9.03868;9044;31.00;6.68
9.04468;9049;86.00;13.37
9.05068;9055;0.00;20.05
9.05568;9060;86.00;20.05
9.05967;9065;78.00;13.37
9.06568;9070;0.00;20.05
9.07068;9076;55.00;20.05
9.07668;9081;23.00;20.05
9.08068;9086;31.00;20.05
9.08668;9091;78.00;13.37
9.09168;9097;0.00;13.37
9.09768;9102;0.00;20.05
9.10168;9107;55.00;20.05
9.10768;9112;133.00;6.68
9.11268;9118;0.00;13.37
9.11967;9123;0.00;26.73
9.12268;9128;133.00;20.05
9.12868;9133;0.00;20.05
9.13368;9139;31.00;13.37
9.13968;9144;78.00;20.05
9.14367;9149;0.00;13.37
9.14968;9154;110.00;20.05
9.15468;9160;0.00;13.37
9.16119;9165;0.00;20.05
9.16619;9170;55.00;20.05
9.17019;9175;78.00;13.37
9.17519;9181;0.00;20.05
9.18119;9186;55.00;20.05
9.18619;9191;78.00;13.37
9.19219;9197;0.00;20.05
9.19819;9202;55.00;20.05
9.20219;9208;78.00;13.37
9.20919;9213;0.00;20.05
9.21319;9219;55.00;20.05
9.2192;9225;78.00;13.37
9.22519;9230;0.00;20.05
9.23019;9236;55.00;20.05
9.23719;9241;23.00;20.05
9.24019;9246;78.00;13.37
9.24619;9251;0.00;13.37
9.25119;9257;0.00;20.05
9.25819;9262;110.00;13.37
9.26219;9267;0.00;13.37
9.26719;9273;31.00;13.37
9.27319;9278;31.00;13.37
9.27919;9283;31.00;13.37
9.28319;9288;31.00;13.37
9.28819;9293;31.00;13.37
9.29319;9299;31.00;6.68
9.30019;9305;31.00;13.37
9.30519;9310;31.00;13.37
9.31019;9315;31.00;13.37
9.3152;9320;31.00;13.37
9.32019;9326;31.00;13.37
9.32619;9331;31.00;13.37
9.33119;9336;31.00;13.37
9.33619;9341;31.00;13.37
9.34119;9347;31.00;13.37
9.34819;9352;31.00;13.37
9.35219;9357;31.00;13.37
9.35719;9362;31.00;13.37
9.36219;9368;31.00;13.37
9.36919;9373;31.00;13.37
9.37319;9378;31.00;13.37
9.37819;9383;31.00;13.37
9.38319;9389;31.00;13.37
9.39019;9394;31.00;13.37
9.39419;9399;31.00;13.37
9.39919;9405;31.00;13.37
9.40519;9410;31.00;13.37
9.41119;9415;31.00;13.37
9.41519;9420;31.00;13.37
9.42019;9426;31.00;13.37
9.42719;9431;31.00;13.37
9.43119;9437;31.00;13.37
9.43819;9442;31.00;13.37
9.44219;9447;31.00;13.37
9.44719;9452;31.00;13.37
9.45219;9458;31.00;13.37
9.45819;9463;31.00;13.37
9.46319;9468;31.00;13.37
9.4692;9473;15.00;14.85
9.47419;9479;39.00;14.85
9.4812;9484;31.00;14.85
9.48419;9489;31.00;14.85
9.49019;9494;55.00;13.37
9.49519;9500;0.00;13.37
9.50119;9505;39.00;13.37
9.50535;9510;31.00;13.37
9.51121;9515;31.00;13.37
9.51572;9521;31.00;13.37
9.52272;9526;31.00;13.37
9.52571;9531;31.00;13.37
9.53171;9537;31.00;13.37
9.53671;9542;31.00;13.37
9.54271;9548;31.00;13.37
9.54771;9553;31.00;13.37
9.55271;9558;31.00;13.37
9.55871;9563;31.00;13.37
9.56472;9569;31.00;13.37
9.56972;9574;31.00;13.37
9.57371;9579;31.00;13.37
9.57971;9584;31.00;13.37
9.58471;9590;31.00;13.37
9.59072;9595;31.00;13.37
9.59471;9600;31.00;13.37
9.60071;9605;31.00;13.37
9.60571;9611;31.00;13.37
9.61172;9616;31.00;13.37
9.6159;9621;31.00;13.37
9.62089;9626;31.00;13.37
9.62689;9632;31.00;13.37
9.63289;9637;31.00;13.37
9.63689;9642;31.00;13.37
9.64189;9648;31.00;13.37
9.64789;9653;31.00;13.37
9.65389;9658;31.00;13.37
9.65789;9663;31.00;13.37
9.66289;9669;31.00;13.37
9.66989;9674;31.00;13.37
9.67489;9679;31.00;13.37
9.67889;9684;31.00;13.37
9.68389;9690;31.00;13.37
9.69089;9696;31.00;13.37
9.69589;9702;31.00;13.37
9.70289;9708;31.00;13.37
9.70789;9713;31.00;13.37
9.71289;9718;31.00;13.37
9.71789;9723;31.00;13.37
9.72289;9728;31.00;13.37
9.72989;9734;31.00;13.37
9.73389;9739;31.00;13.37
9.73989;9744;31.00;13.37
9.74389;9750;31.00;13.37
9.74989;9755;31.00;13.37
9.75489;9761;31.00;13.37
9.76189;9767;31.00;13.37
9.76789;9772;31.00;13.37
9.77289;9777;31.00;13.37
9.77689;9782;31.00;13.37
9.78189;9788;31.00;13.37
9.78889;9793;31.00;13.37
9.79389;9798;31.00;13.37
9.79789;9803;31.00;13.37
9.80289;9809;31.00;13.37
9.80989;9814;31.00;13.37
9.81489;9819;31.00;13.37
9.81931;9824;31.00;13.37
9.82431;9830;31.00;13.37
9.83031;9836;31.00;13.37
9.83731;9842;31.00;13.37
9.84431;9847;31.00;13.37
9.84631;9852;31.00;13.37
9.85231;9857;31.00;13.37
9.85831;9863;31.00;13.37
9.86431;9868;31.00;13.37
9.86831;9873;31.00;13.37
9.87231;9878;31.00;13.37
9.87931;9884;31.00;13.37
9.88531;9889;31.00;13.37
9.88931;9894;31.00;13.37
9.89431;9899;31.00;13.37
9.90031;9904;31.00;13.37
9.90431;9909;31.00;13.37
9.90931;9914;31.00;13.37
9.91431;9920;31.00;13.37
9.92031;9926;31.00;13.37
9.92631;9932;31.00;13.37
9.93231;9937;31.00;13.37
9.93731;9942;31.00;13.37
9.94231;9948;31.00;13.37
9.94831;9954;31.00;13.37
9.95531;9960;31.00;13.37
9.96031;9965;31.00;13.37
9.96531;9970;31.00;13.37
9.97031;9976;31.00;13.37
9.97631;9982;31.00;13.37
9.98231;9987;31.00;13.37
9.98731;9992;31.00;13.37
9.99131;9997;31.00;13.37
9.99731;10003;31.00;13.37
10.00331;11008;0.00;13.37
11.00823;11014;440.00;13.37
11.01523;11019;31.00;6.68
11.01923;11024;0.00;26.73
11.02423;11030;78.00;26.73
11.03123;11035;86.00;13.37
11.03523;11040;0.00;20.05
11.03989;11045;0.00;26.73
11.04517;11051;62.00;20.05
11.05217;11057;0.00;20.05
11.05817;11063;39.00;13.37
11.06317;11068;0.00;13.37
11.06817;11074;0.00;14.85
11.07417;11079;0.00;14.85
11.08017;11084;15.00;11.14
11.08417;11089;0.00;11.14
11.08917;11095;23.00;7.43
11.09518;11101;0.00;3.71
11.10117;11107;23.00;3.71
11.10817;11113;7.00;0.00
11.11318;11119;0.00;6.68
11.11917;11125;78.00;0.00
11.12617;11130;0.00;6.68
11.13017;11135;78.00;0.00
11.13518;11141;0.00;13.37
11.14117;11146;157.00;0.00
11.14717;11151;0.00;0.00
11.151;11156;0.00;13.37
11.15601;11162;157.00;0.00
11.16201;11168;0.00;13.37
11.16801;11174;110.00;6.68
11.17501;11179;0.00;6.68
11.17901;11184;0.00;13.37
11.18401;11190;70.00;6.68
11.19101;11195;0.00;6.68
11.19601;11201;0.00;6.68
11.20101;11206;0.00;13.37
11.20601;11211;125.00;0.00
11.21101;11216;0.00;6.68
11.21602;11222;0.00;0.00
11.22301;11227;125.00;0.00
11.22701;11232;0.00;0.00
11.23301;11237;0.00;6.68
11.23801;11243;0.00;6.68
11.24401;11248;23.00;6.68
11.24801;11253;47.00;0.00
11.25401;11258;0.00;6.68
11.25801;11264;23.00;6.68
11.26501;11269;0.00;6.68
11.26902;11274;0.00;6.68
11.27501;11279;47.00;0.00
11.27901;11285;0.00;6.68
11.28601;11290;23.00;6.68
11.29001;11295;0.00;6.68
11.29501;11301;0.00;6.68
11.30101;11306;47.00;0.00
11.30701;11311;0.00;0.00
11.31101;11316;0.00;6.68
11.31601;11322;78.00;6.68
11.32301;11327;0.00;0.00
11.32701;11333;23.00;6.68
11.33401;11338;47.00;0.00
11.33801;11343;0.00;0.00
11.34401;11348;0.00;0.00
11.34901;11354;0.00;0.00
11.35501;11359;0.00;0.00
11.35901;11364;0.00;0.00
11.36501;11369;0.00;0.00
11.37001;11375;0.00;0.00
11.37601;11380;0.00;0.00
11.38001;11385;0.00;0.00
11.38501;11390;0.00;0.00
11.39002;11396;0.00;0.00
11.39701;11401;0.00;0.00
11.40101;11406;0.00;0.00
11.40601;11412;0.00;0.00
11.41201;11417;0.00;0.00
11.41801;11423;0.00;0.00
11.42301;11428;0.00;0.00
11.42801;11433;0.00;0.00
11.43401;11438;0.00;0.00
11.43901;11443;0.00;0.00
11.44301;11448;0.00;0.00
11.44801;11454;0.00;0.00
11.45501;11459;0.00;0.00
11.46001;11465;0.00;0.00
11.46601;11470;0.00;0.00
11.47001;11475;0.00;0.00
11.47601;11480;0.00;0.00
11.48001;11486;0.00;0.00
11.48701;11491;0.00;0.00
11.49101;11496;0.00;0.00
11.49701;11501;0.00;0.00
11.50101;11507;0.00;0.00
11.50801;11512;0.00;0.00
11.51201;11517;0.00;0.00
11.51701;11523;0.00;0.00
11.52401;11528;0.00;0.00
11.52901;11533;0.00;0.00
11.53301;11538;0.00;0.00
11.53801;11544;0.00;0.00
11.54401;11549;0.00;0.00
11.55001;11554;0.00;0.00
11.55387;11559;0.00;0.00
11.55945;11565;0.00;0.00
11.56645;11570;0.00;0.00
11.57045;11576;0.00;0.00
11.57646;11581;0.00;0.00
11.58045;11586;0.00;0.00
11.58645;11591;0.00;0.00
11.59145;11597;0.00;0.00
11.59745;11602;0.00;0.00
11.60145;11607;0.00;0.00
11.60745;11613;0.00;0.00
11.61245;11618;0.00;0.00
11.61846;11623;0.00;0.00
11.62245;11628;0.00;0.00
11.62845;11634;0.00;0.00
11.63446;11639;0.00;0.00
11.63946;11644;0.00;0.00
11.64345;11649;0.00;0.00
11.64945;11655;0.00;0.00
11.65546;11660;0.00;0.00
11.66045;11665;0.00;0.00
11.66445;11670;0.00;0.00
11.67045;11676;0.00;0.00
11.67646;11681;0.00;0.00
11.68145;11686;0.00;0.00
11.68545;11691;0.00;0.00
11.69145;11697;0.00;0.00
11.69745;11703;0.00;0.00
11.70345;11708;0.00;0.00
11.70845;11713;0.00;0.00
11.71245;11718;0.00;0.00
11.71846;11723;0.00;0.00
11.72345;11729;0.00;0.00
11.72945;11734;0.00;0.00
11.73345;11739;0.00;0.00
11.73945;11744;0.00;0.00
11.74445;11750;0.00;0.00
11.75045;11755;0.00;0.00
11.75445;11760;0.00;0.00
11.76045;11766;0.00;0.00
11.76646;11771;0.00;0.00
11.77145;11776;0.00;0.00
11.77545;11781;0.00;0.00
11.78145;11787;0.00;0.00
11.78746;11792;0.00;0.00
11.79245;11797;0.00;0.00
11.79646;11802;0.00;0.00
11.80245;11808;0.00;0.00
11.80846;11813;0.00;0.00
11.81345;11819;0.00;0.00
11.81946;11824;0.00;0.00
11.82345;11829;0.00;0.00
11.82946;11834;0.00;0.00
11.83445;11839;0.00;0.00
11.83845;11844;0.00;0.00
11.84445;11850;0.00;0.00
11.85046;11855;0.00;0.00
11.85545;11861;0.00;0.00
11.86146;11866;0.00;0.00
11.86545;11871;0.00;0.00
11.87146;11877;0.00;0.00
11.87645;11882;0.00;0.00
11.88245;11887;0.00;0.00
11.88645;11892;0.00;0.00
11.89245;11898;0.00;0.00
11.89745;11903;0.00;0.00
11.90345;11908;0.00;0.00
11.90745;11913;0.00;0.00
11.91245;11918;0.00;0.00
11.91745;11923;0.00;0.00
11.92245;11928;0.00;0.00
11.92845;11933;0.00;0.00
11.93345;11938;0.00;0.00
11.93845;11943;0.00;0.00
11.94245;11948;0.00;0.00
11.94845;11954;0.00;0.00
11.95445;11959;0.00;0.00
11.96046;11965;0.00;0.00
11.96545;11970;0.00;0.00
11.96945;11975;0.00;0.00
11.97545;11981;0.00;0.00
11.98145;11986;0.00;0.00
11.98646;11991;0.00;0.00
11.99092;11996;0.00;0.00
11.99592;12001;0.00;0.00
12.00092;12007;0.00;0.00
12.00792;12012;0.00;0.00
12.01192;12017;0.00;0.00
12.01692;12023;0.00;0.00
12.02392;12029;0.00;0.00
12.02892;12035;0.00;0.00
12.03592;12040;0.00;0.00
12.03992;12045;0.00;0.00
12.04492;12051;0.00;0.00
12.05092;12056;0.00;0.00
12.05692;12061;0.00;0.00
12.06092;12066;0.00;0.00
12.06625;12072;0.00;0.00
12.07233;12077;0.00;0.00
12.07833;12083;0.00;0.00
12.08333;12088;0.00;0.00
12.08733;12093;0.00;0.00
12.09333;12099;0.00;0.00
12.10033;12104;0.00;0.00
12.10433;12109;0.00;0.00
12.10833;12114;0.00;0.00
12.11433;12119;0.00;0.00
12.11984;12125;0.00;0.00
12.12584;12130;0.00;0.00
12.12984;12135;0.00;0.00
12.13484;12140;0.00;0.00
12.14084;12146;0.00;0.00
12.14684;12151;0.00;0.00
12.15084;12156;0.00;0.00
12.15584;12162;0.00;0.00
12.16184;12167;0.00;0.00
12.16784;12172;0.00;0.00
12.17184;12177;0.00;0.00
12.17684;12183;0.00;0.00
12.18384;12188;0.00;0.00
12.18884;12194;0.00;0.00
12.19484;12199;0.00;0.00
12.19884;12204;0.00;0.00
12.20484;12209;0.00;0.00
12.20984;12215;0.00;0.00
12.21584;12220;0.00;0.00
12.21984;12225;0.00;0.00
12.22584;12230;0.00;0.00
12.23085;12235;0.00;0.00
12.23484;12240;0.00;0.00
12.23984;12246;0.00;0.00
12.24584;12251;0.00;0.00
12.25184;12257;0.00;0.00
12.25784;12262;0.00;0.00
12.26184;12267;0.00;0.00
12.26784;12273;0.00;0.00
12.27284;12278;0.00;0.00
12.27884;12284;0.00;0.00
12.28384;12289;0.00;0.00
12.28884;12294;0.00;0.00
12.29384;12299;0.00;0.00
12.29984;12304;0.00;0.00
12.30384;12309;0.00;0.00
12.30884;12315;0.00;0.00
12.31484;12320;0.00;0.00
12.32098;12325;0.00;0.00
12.32498;12330;0.00;0.00
12.32998;12336;0.00;0.00
12.33698;12341;0.00;0.00
12.34098;12346;0.00;0.00
12.34598;12351;0.00;0.00
12.35098;12356;0.00;0.00
12.35598;12361;0.00;0.00
12.36198;12366;0.00;0.00
12.36598;12371;0.00;0.00
12.37098;12376;0.00;0.00
12.37598;12382;0.00;0.00
12.38298;12387;0.00;0.00
12.38698;12392;0.00;0.00
12.39198;12398;0.00;0.00
12.39898;12403;0.00;0.00
12.40398;12408;0.00;0.00
12.40798;12413;0.00;0.00
12.41298;12419;0.00;0.00
12.41897;12424;0.00;0.00
12.42498;12430;0.00;0.00
12.42998;12435;0.00;0.00
12.43498;12440;0.00;0.00
12.43998;12445;0.00;0.00
12.44598;12450;0.00;0.00
12.44998;12455;0.00;0.00
12.45498;12461;0.00;0.00
12.46198;12466;0.00;0.00
12.46698;12471;0.00;0.00
12.47097;12476;0.00;0.00
12.47598;12482;0.00;0.00
12.48198;12487;0.00;0.00
12.48697;12493;0.00;0.00
12.49398;12498;0.00;0.00
12.49797;12503;0.00;0.00
12.50298;12509;0.00;0.00
12.50898;12514;0.00;0.00
12.51498;12519;0.00;0.00
12.51897;12524;0.00;0.00
12.52398;12530;0.00;0.00
12.53098;12535;0.00;0.00
12.53598;12540;0.00;0.00
12.53997;12545;0.00;0.00
12.54498;12551;0.00;0.00
12.55198;12556;0.00;0.00
12.55698;12561;0.00;0.00
12.56098;12566;0.00;0.00
12.56603;12572;0.00;0.00
12.57198;12577;0.00;0.00
12.57798;12582;0.00;0.00
12.58203;12587;0.00;0.00
12.58753;12593;0.00;0.00
12.59354;12598;0.00;0.00
12.59853;12604;0.00;0.00
12.60454;12609;0.00;0.00
12.60853;12614;0.00;0.00
12.61455;12619;0.00;0.00
12.61953;12625;0.00;0.00
12.62554;12630;0.00;0.00
12.62953;12635;0.00;0.00
12.63553;12640;0.00;0.00
12.64053;12646;0.00;0.00
12.64653;12651;0.00;0.00
12.65053;12656;0.00;0.00
12.65654;12661;0.00;0.00
12.66153;12667;0.00;0.00
12.66753;12672;0.00;0.00
12.67153;12677;0.00;0.00
12.67753;12683;0.00;0.00
12.68354;12688;0.00;0.00
12.68854;12694;0.00;0.00
12.69454;12699;0.00;0.00
12.69853;12704;0.00;0.00
12.70454;12709;0.00;0.00
12.70953;12715;0.00;0.00
12.71554;12720;0.00;0.00
12.71953;12725;0.00;0.00
12.72553;12730;0.00;0.00
12.73053;12736;0.00;0.00
12.73654;12741;0.00;0.00
12.74093;12746;0.00;0.00
12.74593;12752;0.00;0.00
12.75193;12757;0.00;0.00
12.75793;12762;0.00;0.00
12.76193;12767;0.00;0.00
12.76693;12773;0.00;0.00
12.77293;12778;0.00;0.00
12.77893;12783;0.00;0.00
12.78293;12788;0.00;0.00
12.78794;12794;0.00;0.00
12.79493;12800;0.00;0.00
12.79993;12806;0.00;0.00
12.80693;12811;0.00;0.00
12.81093;12816;0.00;0.00
12.81593;12821;0.00;0.00
12.82094;12827;0.00;0.00
12.82793;12833;0.00;0.00
12.83393;12838;0.00;0.00
12.83793;12843;0.00;0.00
12.84294;12848;0.00;0.00
12.84793;12854;0.00;0.00
12.85493;12859;0.00;0.00
12.85893;12864;0.00;0.00
12.86493;12869;0.00;0.00
12.86994;12875;0.00;0.00
12.87593;12880;0.00;0.00
12.87993;12885;0.00;0.00
12.88593;12891;0.00;0.00
12.89093;12896;0.00;0.00
12.89794;12901;0.00;0.00
12.90093;12906;0.00;0.00
12.90693;12911;0.00;0.00
12.91093;12917;0.00;0.00
12.91794;12922;0.00;0.00
12.92193;12927;0.00;0.00
12.92694;12933;0.00;0.00
12.93393;12938;0.00;0.00
12.93893;12943;0.00;0.00
12.94293;12948;0.00;0.00
12.94793;12954;0.00;0.00
12.95494;12959;0.00;0.00
12.95893;12965;0.00;0.00
12.96694;12970;0.00;0.00
12.96993;12975;0.00;0.00
12.97593;12980;0.00;0.00
12.97993;12986;0.00;0.00
12.98693;12992;0.00;0.00
12.99193;12997;0.00;0.00
12.99693;13003;0.00;0.00
13.00293;13008;0.00;0.00
13.00793;13014;0.00;0.00
13.01493;13019;0.00;0.00
13.01893;13024;0.00;0.00
13.02393;13029;0.00;0.00
13.02993;13035;0.00;0.00
13.03493;13041;0.00;0.00
13.04193;13046;0.00;0.00
13.04593;13051;0.00;0.00
13.05093;13056;0.00;0.00
13.05593;13062;0.00;0.00
13.06293;13067;0.00;0.00
13.06693;13073;0.00;0.00
13.07293;13078;0.00;0.00
13.07793;13083;0.00;0.00
13.08393;13088;0.00;0.00
13.08793;13093;0.00;0.00
13.09278;13098;0.00;0.00
13.09782;13103;0.00;0.00
13.10282;13108;0.00;0.00
13.10782;13113;0.00;0.00
13.11282;13118;0.00;0.00
13.11882;13123;0.00;0.00
13.12282;13128;0.00;0.00
13.12882;13133;0.00;0.00
13.13282;13138;0.00;0.00
13.13782;13143;0.00;0.00
13.14282;13149;0.00;0.00
13.14982;13154;0.00;0.00
13.15382;13159;0.00;0.00
13.15882;13164;0.00;0.00
13.16482;13169;0.00;0.00
13.16882;13174;0.00;0.00
13.17382;13179;0.00;0.00
13.17882;13184;0.00;0.00
13.18482;13189;0.00;0.00
13.18882;13194;0.00;0.00
13.19482;13199;0.00;0.00
13.19882;13204;0.00;0.00
13.20382;13209;0.00;0.00
13.20882;13215;0.00;0.00
13.21582;13220;0.00;0.00
13.21982;13225;0.00;0.00
13.22582;13230;0.00;0.00
13.22982;13236;0.00;0.00
13.23682;13241;0.00;0.00
13.24082;13246;0.00;0.00
13.24582;13251;0.00;0.00
13.25082;13256;0.00;0.00
13.25587;13261;0.00;0.00
13.26087;13267;0.00;0.00
13.26787;13272;0.00;0.00
13.27187;13277;0.00;0.00
13.27687;13282;0.00;0.00
13.28187;13288;0.00;0.00
13.28887;13293;0.00;0.00
13.29287;13298;0.00;0.00
13.29887;13303;0.00;0.00
13.30287;13309;0.00;0.00
13.30887;13314;0.00;0.00
13.31387;13319;0.00;0.00
13.31987;13324;0.00;0.00
13.32387;13329;0.00;0.00
13.32887;13334;0.00;0.00
13.33387;13339;0.00;0.00
13.33887;13344;0.00;0.00
13.34487;13349;0.00;0.00
13.34887;13354;0.00;0.00
13.35487;13359;0.00;0.00
13.35887;13365;0.00;0.00
13.36488;13371;0.00;0.00
13.37087;13376;0.00;0.00
13.37587;13381;0.00;0.00
13.38087;13386;0.00;0.00
13.38587;13392;0.00;0.00
13.39187;13397;0.00;0.00
13.39687;13403;0.00;0.00
13.40287;13409;0.00;0.00
13.40887;13414;0.00;0.00
13.41387;13420;0.00;0.00
13.41987;13425;0.00;0.00
13.42487;13430;0.00;0.00
13.43087;13435;0.00;0.00
13.43487;13441;0.00;0.00
13.44087;13446;0.00;0.00
13.44587;13451;0.00;0.00
13.45187;13456;0.00;0.00
13.45587;13462;0.00;0.00
13.46287;13467;0.00;0.00
13.46687;13472;0.00;0.00
13.47287;13477;0.00;0.00
13.47687;13482;0.00;0.00
13.48187;13487;0.00;0.00
13.48687;13493;0.00;0.00
13.49387;13498;0.00;0.00
13.49787;13504;0.00;0.00
13.50487;13509;0.00;0.00
13.50887;13514;0.00;0.00
13.51487;13519;0.00;0.00
13.51887;13525;0.00;0.00
13.52487;13530;0.00;0.00
13.52987;13535;0.00;0.00
13.53487;13541;0.00;0.00
13.54087;13546;0.00;0.00
13.54587;13552;0.00;0.00
13.55187;13557;0.00;0.00
13.55687;13562;0.00;0.00
13.56287;13567;0.00;0.00
13.56687;13573;0.00;0.00
13.57387;13578;0.00;0.00
13.57787;13583;0.00;0.00
13.58387;13588;0.00;0.00
13.58787;13594;0.00;0.00
13.59387;13600;0.00;0.00
13.59987;13605;0.00;0.00
13.60553;13611;0.00;0.00
13.61174;13616;0.00;0.00
13.61574;13621;0.00;0.00
13.62174;13626;0.00;0.00
13.62574;13631;0.00;0.00
13.63074;13636;0.00;0.00
13.63674;13642;0.00;0.00
13.64274;13647;0.00;0.00
13.64674;13652;0.00;0.00
13.65174;13657;0.00;0.00
13.65674;13663;0.00;0.00
13.66374;13668;0.00;0.00
13.66774;13673;0.00;0.00
13.67274;13678;0.00;0.00
13.67774;13684;0.00;0.00
13.68374;13689;0.00;0.00
13.68874;13694;0.00;0.00
13.69474;13699;0.00;0.00
13.69874;13705;0.00;0.00
13.70474;13710;0.00;0.00
13.70974;13715;0.00;0.00
13.71574;13720;0.00;0.00
13.71974;13725;0.00;0.00
13.72474;13730;0.00;0.00
13.72974;13735;0.00;0.00
13.73474;13740;0.00;0.00
13.73974;13746;0.00;0.00
13.74674;13751;0.00;0.00
13.75074;13756;0.00;0.00
13.75574;13761;0.00;0.00
13.76075;13767;0.00;0.00
13.76774;13772;0.00;0.00
13.77174;13777;0.00;0.00
13.77674;13782;0.00;0.00
13.78274;13788;0.00;0.00
13.78774;13793;0.00;0.00
13.79274;13798;0.00;0.00
13.79774;13803;0.00;0.00
13.80274;13809;0.00;0.00
13.80974;13814;0.00;0.00
13.81374;13819;0.00;0.00
13.81974;13824;0.00;0.00
13.82374;13829;0.00;0.00
13.82874;13834;0.00;0.00
13.83474;13840;0.00;0.00
13.84074;13845;0.00;0.00
13.84474;13851;0.00;0.00
13.85174;13856;0.00;0.00
13.85574;13861;0.00;0.00
13.86174;13866;0.00;0.00
13.86574;13872;0.00;0.00
13.87174;13877;0.00;0.00
13.87674;13882;0.00;0.00
13.88274;13887;0.00;0.00
13.88674;13892;0.00;0.00
13.89274;13897;0.00;0.00
13.89674;13902;0.00;0.00
13.90174;13907;0.00;0.00
13.90674;13913;0.00;0.00
13.91374;13918;0.00;0.00
13.91774;13923;0.00;0.00
13.92374;13928;0.00;0.00
13.92774;13934;0.00;0.00
13.93474;13940;0.00;0.00
13.93974;13945;0.00;0.00
13.94474;13951;0.00;0.00
13.95174;13956;0.00;0.00
13.95574;13962;0.00;0.00
13.96274;13967;0.00;0.00
13.96674;13972;0.00;0.00
13.97274;13977;0.00;0.00
13.97674;13983;0.00;0.00
13.98274;13989;0.00;0.00
13.98974;13994;0.00;0.00
13.99374;14000;0.00;0.00
14.00074;14005;0.00;0.00
14.00474;14010;0.00;0.00
14.00974;14015;0.00;0.00
14.01474;14021;0.00;0.00
14.02174;14027;0.00;0.00
14.02674;14032;0.00;0.00
14.03174;14038;0.00;0.00
14.03874;14043;0.00;0.00
14.04274;14048;0.00;0.00
14.04874;14053;0.00;0.00
14.05274;14059;0.00;0.00
14.05974;14064;0.00;0.00
14.06374;14069;0.00;0.00
14.06974;14074;0.00;0.00
14.07374;14080;0.00;0.00
14.08074;14085;0.00;0.00
14.08474;14090;0.00;0.00
14.09074;14095;0.00;0.00
14.09474;14101;0.00;0.00
14.10174;14106;0.00;0.00
14.10574;14111;0.00;0.00
14.11174;14116;0.00;0.00
14.116;14121;0.00;0.00
14.12082;14126;0.00;0.00
14.12582;14132;0.00;0.00
14.13182;14137;0.00;0.00
14.13682;14142;0.00;0.00
14.14282;14147;0.00;0.00
14.14682;14153;0.00;0.00
14.15382;14159;0.00;0.00
14.15882;14164;0.00;0.00
14.16482;14169;0.00;0.00
14.16882;14174;0.00;0.00
14.17482;14179;0.00;0.00
14.17882;14184;0.00;0.00
14.18482;14189;0.00;0.00
14.18882;14194;0.00;0.00
14.19482;14199;0.00;0.00
14.19882;14204;0.00;0.00
14.20482;14209;0.00;0.00
14.20882;14214;0.00;0.00
14.21382;14219;0.00;0.00
14.21882;14224;0.00;0.00
14.22382;14230;0.00;0.00
14.22982;14235;0.00;0.00
14.23482;14241;0.00;0.00
14.24082;14246;0.00;0.00
14.24682;14251;0.00;0.00
14.25182;14256;0.00;0.00
14.25582;14261;0.00;0.00
14.26082;14267;0.00;0.00
14.26682;14273;0.00;0.00
14.27382;14279;0.00;0.00
14.27982;14284;0.00;0.00
14.28382;14289;0.00;0.00
14.28882;14295;0.00;0.00
14.29482;14300;0.00;0.00
14.29982;14305;0.00;0.00
14.30482;14310;0.00;0.00
14.30982;14315;0.00;0.00
14.31582;14321;0.00;0.00
14.32182;14326;0.00;0.00
14.32582;14331;0.00;0.00
14.33082;14336;0.00;0.00
14.33682;14341;0.00;0.00
14.34182;14346;0.00;0.00
14.34582;14351;0.00;0.00
14.35082;14357;0.00;0.00
14.35782;14362;0.00;0.00
14.36182;14367;0.00;0.00
14.36682;14372;0.00;0.00
14.37182;14378;0.00;0.00
14.37782;14383;0.00;0.00
14.38282;14388;0.00;0.00
14.38782;14393;0.00;0.00
14.39282;14398;0.00;0.00
14.39782;14404;0.00;0.00
14.40482;14409;0.00;0.00
14.40882;14414;0.00;0.00
14.41382;14419;0.00;0.00
14.41883;14425;0.00;0.00
14.42582;14430;0.00;0.00
14.42982;14435;0.00;0.00
14.43482;14440;0.00;0.00
14.44082;14445;0.00;0.00
14.44482;14450;0.00;0.00
14.44982;14455;0.00;0.00
14.45482;14461;0.00;0.00
14.46182;14467;0.00;0.00
14.46682;14473;0.00;0.00
14.47282;14478;0.00;0.00
14.47782;14483;0.00;0.00
14.48282;14489;0.00;0.00
14.48982;14494;0.00;0.00
14.49382;14499;0.00;0.00
14.49882;14504;0.00;0.00
14.50382;14509;0.00;0.00
14.50982;14515;0.00;0.00
14.51582;14520;0.00;0.00
14.51982;14525;0.00;0.00
14.52482;14530;0.00;0.00
14.53082;14536;0.00;0.00
14.53682;14541;0.00;0.00
14.54082;14546;0.00;0.00
14.54582;14551;0.00;0.00
14.55182;14557;0.00;0.00
14.55782;14562;0.00;0.00
14.56182;14567;0.00;0.00
14.56682;14572;0.00;0.00
14.57282;14578;0.00;0.00
14.57882;14583;0.00;0.00
14.58282;14588;0.00;0.00
14.58782;14593;0.00;0.00
14.59382;14598;0.00;0.00
14.59782;14603;0.00;0.00
14.60282;14608;0.00;0.00
14.60782;14614;0.00;0.00
14.61482;14619;0.00;0.00
14.61982;14624;0.00;0.00
14.62382;14629;0.00;0.00
14.62883;14635;0.00;0.00
14.63571;14640;0.00;0.00
14.64069;14645;0.00;0.00
14.64469;14650;0.00;0.00
14.64969;14656;0.00;0.00
14.65669;14661;0.00;0.00
14.66169;14666;0.00;0.00
14.66569;14671;0.00;0.00
14.67069;14677;0.00;0.00
14.67669;14683;0.00;0.00
14.68369;14689;0.00;0.00
14.68969;14694;0.00;0.00
14.69369;14699;0.00;0.00
14.69869;14704;0.00;0.00
14.70469;14710;0.00;0.00
14.71069;14715;0.00;0.00
14.71469;14720;0.00;0.00
14.71969;14725;0.00;0.00
14.72569;14731;0.00;0.00
14.73169;14736;0.00;0.00
14.73569;14741;0.00;0.00
14.74069;14746;0.00;0.00
14.74669;14752;0.00;0.00
14.75269;14757;0.00;0.00
14.75669;14762;0.00;0.00
14.76169;14767;0.00;0.00
14.76769;14772;0.00;0.00
14.77269;14777;0.00;0.00
14.77669;14782;0.00;0.00
14.78269;14788;0.00;0.00
14.78869;14793;0.00;0.00
14.79369;14798;0.00;0.00
14.79769;14803;0.00;0.00
14.80369;14809;0.00;0.00
14.80969;14814;0.00;0.00
14.81469;14819;0.00;0.00
14.81869;14824;0.00;0.00
14.82369;14829;0.00;0.00
14.83069;14835;0.00;0.00
14.83569;14840;0.00;0.00
14.83969;14845;0.00;0.00
14.84469;14850;0.00;0.00
14.85069;14855;0.00;0.00
14.85469;14860;0.00;0.00
14.85969;14865;0.00;0.00
14.86469;14871;0.00;0.00
14.87169;14876;0.00;0.00
14.87669;14881;0.00;0.00
14.88069;14886;0.00;0.00
14.88569;14892;0.00;0.00
14.89269;14898;0.00;0.00
14.89969;14904;0.00;0.00
14.90469;14909;0.00;0.00
14.90869;14914;0.00;0.00
14.91369;14919;0.00;0.00
14.91969;14925;0.00;0.00
14.92569;14930;0.00;0.00
14.92969;14935;0.00;0.00
14.93469;14940;0.00;0.00
14.94069;14946;0.00;0.00
14.94669;14951;0.00;0.00
14.95069;14956;0.00;0.00
14.95569;14962;0.00;0.00
14.96169;14968;0.00;0.00
14.96869;14974;0.00;0.00
14.97469;14979;0.00;0.00
14.97869;14984;0.00;0.00
14.98369;14989;0.00;0.00
14.98969;14995;0.00;0.00
14.99569;15001;0.00;0.00
15.00169;16006;786.00;0.00
